"PBAT_BMP4","PBAT_BMP9","PBAT_BMP10","T3L1_BMP4","T3L1_BMP9","T3L1_BMP10"
"Pparg","Pparg","Id3","Drp2","Drp2","Drp2"
"Ltbp2","Hoxc13","Fabp7","Pdgfb","Pdgfb","Hoxc13"
"Ddr1","Ltbp2","Id2","Acvrl1","Acvrl1","Tiam1"
"Prg4","Ddr1","Smoc1","Acvr1b","Acvr1b","Id3"
"Id3","Prg4","Id4","Sox9","Sox9","Relt"
"Myod1","Id3","Dlx2","Hoxc13","Hoxa4","Gata2"
"Hoxa2","Rbfox1","Smoc2","Ltbp2","Wfdc18","Pcolce2"
"Wnt11","Myod1","Smad7","Tiam1","Hoxc13","Ccn2"
"Smpdl3a","Hoxa2","Smad9","Ddr1","Hoxc11","Unc5b"
"Fabp7","Wnt11","Irf5","Slc1a3","Ltbp2","Phlda1"
"Socs2","Fabp7","Greb1","Homer1","Tiam1","Id2"
"Unc5b","Ccn2","Smad6","Id3","Ddr1","Grhl1"
"Slc36a2","Socs2","Atoh8","Relt","Slc1a3","Cygb"
"Igfbp3","Unc5b","Phyhipl","Sertad1","Homer1","Pole2"
"Id2","Slc36a2","Nrn1","Nav1","Id3","Id4"
"Grhl1","Id2","Prrx2","Csf1","Relt","Gadd45g"
"Smoc1","Grhl1","Fmod","Hoxa2","Sertad1","Npr3"
"Id4","Smoc1","Pnpla3","Gata2","Nav1","Tex49"
"Hr","Id4","Dlx1","Gadd45b","Csf1","Dlx2"
"Hes1","Gadd45g","Id1","Pcolce2","Hoxa2","Smad7"
"Boc","Fst","Lor","Fli1","Gata2","Rgs16"
"Dlx2","Hr","Cd24a","Wt1","Gadd45b","Il1rn"
"Smoc2","Hes1","Dlk2","Ahr","Pcolce2","Smad9"
"Dpysl3","Boc","Diras2","Grm1","Gata3","Ccn1"
"Megf10","Dlx2","Grem2","Crybg1","Fli1","Cxcl1"
"Kazald1","Smoc2","Sprr2b","Rspo3","Ahr","Rasl11a"
"Smad7","Clip4","Adra1b","Ccn2","Grm1","Irf5"
"Kif26b","Dpysl3","Adam12","Nuak1","Crybg1","Adamts9"
"Selp","Scd3","Tafa5","Unc5b","Rspo3","Gse1"
"Skil","Kazald1","Tnfrsf11b","E2f7","Ccn2","1700020L24Rik"
"Smad9","Smad7",NA,"Phlda1","Nuak1","Acta2"
"Lce1g","Kif26b",NA,"Id2","Unc5b","Wnt4"
"Gatb","Selp",NA,"Grhl1","Slc1a4","Smad6"
"Alpl","Acvr1c",NA,"Mmp28","Phlda1","Clca2"
"Hgf","Tspan18",NA,"Cygb","Id2","Serpine1"
"Ptpru","Creb3l1",NA,"Rflnb","Grhl1","Atoh8"
"Draxin","Skil",NA,"Pole2","Mmp28","Rgs4"
"Irf5","Smad9",NA,"Smoc1","Trim47","Prrx2"
"Cidec","Lce1g",NA,"Tgfb3","Camkk1","Hey1"
"Sytl2","Gatb",NA,"Hhipl1","Cygb","Tlr8"
"Itgal","Tmeff1",NA,"Id4","Mxra7","Dhx33"
"Gse1","Alpl",NA,"Pxdc1","Rflnb","Dlx1"
"Pth1r","Ptpru",NA,"Gadd45g","Pole2","Id1"
"Adra2a","Draxin",NA,"Vcl","Smoc1","Snai1"
"Fam167a","Plch2",NA,"Hr","Tgfb3","Gprin3"
"Lzts1","Irf5",NA,"Npr3","Hhipl1","Gjb4"
"Greb1","Ret",NA,"Myo10","Id4","Nav2"
"Sh3tc1","Cidec",NA,"Deptor","Pxdc1","Junb"
"Smad6","Plin1",NA,"Hes1","Gadd45g","Gper1"
"Icam1","Itgal",NA,"Snai2","Arhgef28","Fgfr3"
"Klf10","Adgrg1",NA,"Boc","Emb","Tafa5"
"Atoh8","Gse1",NA,"Tmem45a","Bmp4","Hoxaas2"
"Phyhipl","Pth1r",NA,"Dlx2","Hr","Gng8"
"Pmepa1","Fam167a",NA,"Tnfrsf12a","Npr3","Gm10254"
"Rgs4","Lzts1",NA,"Myom1","Myo10","Map3k5"
"Wdr93","Greb1",NA,"Bambi","Deptor","Grem1"
"Nrn1","Smad6",NA,"Tslp","Hes1","Eef1akmt3"
"Cdh6","Fgf2",NA,"Hbegf","Snai2","D030025P21Rik"
"Col10a1","Icam1",NA,"Rab27b","Boc","Gm20544"
"Prrx2","Klf10",NA,"Csf1r","Tmem45a","Gm17501"
"Orai2","Atoh8",NA,"Cemip2","Fmnl3","Gm37352"
"Hey1","Phyhipl",NA,"Papss2","Dlx2","Gm5886"
"Fmod","Pmepa1",NA,"Kazald1","Tnfrsf12a","2310043P16Rik"
"Pnpla3","Rgs4",NA,"Gli1","Bambi","Gm17746"
"Dlx1","Wdr93",NA,"Il6","Hbegf",NA
"Id1","Nrn1",NA,"Smad7","Rab27b",NA
"Snai1","Cdh6",NA,"Nrp2","Cemip2",NA
"Notum","Col10a1",NA,"Ecel1","Il6",NA
"A530016L24Rik","Prrx2",NA,"Tnnt2","Smad7",NA
"Lor","Orai2",NA,"Rgs16","Ecel1",NA
"Rnf182","Hey1",NA,"Kif26b","Tnnt2",NA
"Zbtb7c","Spns2",NA,"Uck2","Tnni1",NA
"Ifitm10","Fmod",NA,"Selp","Kif26b",NA
"Lrrc75b","Pnpla3",NA,"Myoc","Uck2",NA
"Gm5815","Dlx1",NA,"Tnn","Selp",NA
"Cd24a","Cmklr1",NA,"Il1rn","Rgs5",NA
"Dlk2","Id1",NA,"Car13","Il1rn",NA
"Bdnf","Gpr153",NA,"Samhd1","Car13",NA
"Grem2","Snai1",NA,"Ccn5","Samhd1",NA
"Sprr2b","Notum",NA,"Skil","Fam83d",NA
"Adra1b","Rnf182",NA,"Smad9","Ccn5",NA
"Nav2","Tlr1",NA,"Tm4sf1","Skil",NA
"Adam12","Gprin3",NA,"Lef1","Smad9",NA
"Tafa5","Ifitm10",NA,"Snx7","Tm4sf1",NA
"Hoxaas2","Gjb4",NA,"Bcar3","Lef1",NA
"5730596B20Rik","Lrrc75b",NA,"Ccn1","Snx7",NA
"Adtrp","Cd24a",NA,"Cachd1","Pdgfc",NA
"Gpc6","Dlk2",NA,"Podn","Ccn1",NA
"Kalrn","Nog",NA,"Ctps","Cachd1",NA
"Cyp26b1","Grem2",NA,"Alpl","Podn",NA
"Sox11","Sprr2b",NA,"Anxa3","Ctps",NA
"Tnfrsf11b","Ch25h",NA,"Lfng","Pik3r3",NA
"Paqr9","Adra1b",NA,"Actb","Alpl",NA
"Gm10155","Lrrc4c",NA,"Rasl11a","U90926",NA
"Wfdc17","Dock8",NA,"Flt1","Anxa3",NA
"Adamtsl3","Nav2",NA,"Plxna4","Lfng",NA
"Trabd2b","Adam12",NA,"Irf5","Actb",NA
"Hoxa3","Tafa5",NA,"Abcg2","Rasl11a",NA
"Gm20544","Hoxaas2",NA,"Adamts9","Plxna4",NA
"Gm10130","Adtrp",NA,"Foxp1","Irf5",NA
"C430002N11Rik","Gpc6",NA,"Slc6a6","Abcg2",NA
"Gm37352","Cyp26b1",NA,"Mbd4","Hoxa1",NA
"Gm30177","Sox11",NA,"Tead4","Adamts9",NA
NA,"Tnfrsf11b",NA,"Kctd15","Foxp1",NA
NA,"Adamtsl3",NA,"Fchsd2","Slc6a6",NA
NA,"Trabd2b",NA,"Tgfb1i1","Mbd4",NA
NA,"Hoxa3",NA,"Fgfr2","Tead4",NA
NA,"Gm20544",NA,"Cdr2","Kctd15",NA
NA,"Gm26532",NA,"Glt28d2","Fchsd2",NA
NA,"C430002N11Rik",NA,"Dusp4","Fgfr2",NA
NA,"Gm37352",NA,"Cx3cl1","Cdr2",NA
NA,"Gm30177",NA,"Tpm4","Glt28d2",NA
NA,NA,NA,"Gse1","Dusp4",NA
NA,NA,NA,"Tagln","Mfap3l",NA
NA,NA,NA,"Olfm2","Il15",NA
NA,NA,NA,"Ptgs2","Cx3cl1",NA
NA,NA,NA,"Styk1","Adgrg1",NA
NA,NA,NA,"Phldb2","Tpm4",NA
NA,NA,NA,"1700020L24Rik","Gse1",NA
NA,NA,NA,"Ccl7","Nectin1",NA
NA,NA,NA,"Acta2","Trim29",NA
NA,NA,NA,"Adamtsl2","Tagln",NA
NA,NA,NA,"Slc2a13","Olfm2",NA
NA,NA,NA,"Sh3tc1","Plscr2",NA
NA,NA,NA,"Wnt4","Ptgs2",NA
NA,NA,NA,"Smad6","Phldb2",NA
NA,NA,NA,"Clca2","Atp1a1",NA
NA,NA,NA,"Serpine1","Ptprf",NA
NA,NA,NA,"Shank2","Zbtb1",NA
NA,NA,NA,"Atoh8","Apol6",NA
NA,NA,NA,"Limch1","Prr7",NA
NA,NA,NA,"Dusp8","1700020L24Rik",NA
NA,NA,NA,"P3h2","Eva1a",NA
NA,NA,NA,"Ttc39b","Ccl7",NA
NA,NA,NA,"Mlxip","Cdcp1",NA
NA,NA,NA,"Pmepa1","Acta2",NA
NA,NA,NA,"Foxf2","Adamtsl2",NA
NA,NA,NA,"1700018A04Rik","Wnt4",NA
NA,NA,NA,"Tbkbp1","Smad6",NA
NA,NA,NA,"Rgs4","Serpine1",NA
NA,NA,NA,"Prrx2","Arid5a",NA
NA,NA,NA,"Hip1","Shank2",NA
NA,NA,NA,"Tnni3k","Atoh8",NA
NA,NA,NA,"Hey1","P3h2",NA
NA,NA,NA,"Dhx33","Ttc39b",NA
NA,NA,NA,"Serpina3h","Hoxa5",NA
NA,NA,NA,"Piezo2","Mlxip",NA
NA,NA,NA,"Sox5","Pmepa1",NA
NA,NA,NA,"Enc1","Foxf2",NA
NA,NA,NA,"Fhdc1","1700018A04Rik",NA
NA,NA,NA,"Dlx1","Rgs4",NA
NA,NA,NA,"Itga1","Prrx2",NA
NA,NA,NA,"Maff","Orai2",NA
NA,NA,NA,"Sipa1l1","Tnni3k",NA
NA,NA,NA,"Id1","Hey1",NA
NA,NA,NA,"Snai1","Dhx33",NA
NA,NA,NA,"Filip1l","Clcf1",NA
NA,NA,NA,"Mdga1","Erf",NA
NA,NA,NA,"Gm8399","Trim62",NA
NA,NA,NA,"Krt13","Bdkrb1",NA
NA,NA,NA,"Zbtb7c","Serpina3h",NA
NA,NA,NA,"Gprin3","Piezo2",NA
NA,NA,NA,"Gjb4","Sox5",NA
NA,NA,NA,"Atp10d","Ccdc74a",NA
NA,NA,NA,"Dlk2","Enc1",NA
NA,NA,NA,"Rell1","Phlda3",NA
NA,NA,NA,"Ccdc187","Fhdc1",NA
NA,NA,NA,"Lmod1","Dlx1",NA
NA,NA,NA,"A630023P12Rik","Itga1",NA
NA,NA,NA,"Nog","Maff",NA
NA,NA,NA,"P2ry6","Sipa1l1",NA
NA,NA,NA,"Rasl11b","Id1",NA
NA,NA,NA,"Grem2","Lgr6",NA
NA,NA,NA,"Kif7","Snai1",NA
NA,NA,NA,"Fhip1a","Filip1l",NA
NA,NA,NA,"P4ha3","Mdga1",NA
NA,NA,NA,"Cacna1c","Gm8399",NA
NA,NA,NA,"Nav2","Krt13",NA
NA,NA,NA,"Tln2","Ackr3",NA
NA,NA,NA,"Junb","Zbtb7c",NA
NA,NA,NA,"Jam2","Gprin3",NA
NA,NA,NA,"Gper1","Gjb4",NA
NA,NA,NA,"Nanp","Cxxc5",NA
NA,NA,NA,"Krt15","Dlk2",NA
NA,NA,NA,"Fgfr3","Lxn",NA
NA,NA,NA,"Adam12","Rell1",NA
NA,NA,NA,"Usp17la","Ccdc187",NA
NA,NA,NA,"Rnd1","A630023P12Rik",NA
NA,NA,NA,"Tafa5","Bdnf",NA
NA,NA,NA,"Pdlim1","Nog",NA
NA,NA,NA,"Pcdh9","P2ry6",NA
NA,NA,NA,"Rras2","Rasl11b",NA
NA,NA,NA,"St3gal5","Grem2",NA
NA,NA,NA,"Col8a2","Kif7",NA
NA,NA,NA,"Hoxaas2","Fhip1a",NA
NA,NA,NA,"C1qtnf3","P4ha3",NA
NA,NA,NA,"Gm12715","Cacna1c",NA
NA,NA,NA,"Actg2","Slc6a7",NA
NA,NA,NA,"Unc5c","Nav2",NA
NA,NA,NA,"Serpinb2","Junb",NA
NA,NA,NA,"Actg1","Jam2",NA
NA,NA,NA,"Hacd1","Gper1",NA
NA,NA,NA,"Gng8","Gm9920",NA
NA,NA,NA,"Dhrs3","Krt16",NA
NA,NA,NA,"Serpina3c","Nanp",NA
NA,NA,NA,"Garre1","Skida1",NA
NA,NA,NA,"Myl9","Krt15",NA
NA,NA,NA,"Trabd2b","Fgfr3",NA
NA,NA,NA,"Hrct1","Rnd1",NA
NA,NA,NA,"Map3k5","Tafa5",NA
NA,NA,NA,"Ppp1r12b","Pdlim1",NA
NA,NA,NA,"Grem1","Arntl",NA
NA,NA,NA,"Dact3","Rras2",NA
NA,NA,NA,"Serpina3i","St3gal5",NA
NA,NA,NA,"Hoxa3","Col8a2",NA
NA,NA,NA,"Eef1akmt3","Tcim",NA
NA,NA,NA,"Gm11451","Hoxaas2",NA
NA,NA,NA,"Zfp703","Tmem154",NA
NA,NA,NA,"Gm12764","Hmga2",NA
NA,NA,NA,"Hotair","C1qtnf3",NA
NA,NA,NA,"A930001C03Rik","Gm12715",NA
NA,NA,NA,"Gm16091","Actg2",NA
NA,NA,NA,"Hotairm1","Unc5c",NA
NA,NA,NA,"Pakap","Actg1",NA
NA,NA,NA,"D030025P21Rik","Hacd1",NA
NA,NA,NA,"Gm20544","Gng8",NA
NA,NA,NA,"Gm17501","Garre1",NA
NA,NA,NA,"Gm26532","Myl9",NA
NA,NA,NA,"Gm37352","Gm10254",NA
NA,NA,NA,"Gm5886","Trabd2b",NA
NA,NA,NA,"Gm44837","Map3k5",NA
NA,NA,NA,"2310043P16Rik","Ppp1r12b",NA
NA,NA,NA,"Gm45221","Grem1",NA
NA,NA,NA,"Gm45338","Fjx1",NA
NA,NA,NA,"Gm45714","Zbtb2",NA
NA,NA,NA,"Cdhr17","Gvin2",NA
NA,NA,NA,"Gm5608","Dact3",NA
NA,NA,NA,"Gm19385","Samd1",NA
NA,NA,NA,"Gm17746","Serpina3i",NA
NA,NA,NA,"Gm47826","Utp14b",NA
NA,NA,NA,"Gm5144","Hoxa3",NA
NA,NA,NA,"Gm18787","Eef1akmt3",NA
NA,NA,NA,"Gm536","1700060J05Rik",NA
NA,NA,NA,NA,"Gm12758",NA
NA,NA,NA,NA,"Mir22hg",NA
NA,NA,NA,NA,"Zfp703",NA
NA,NA,NA,NA,"Gm12764",NA
NA,NA,NA,NA,"Hotair",NA
NA,NA,NA,NA,"Gm11377",NA
NA,NA,NA,NA,"2610035D17Rik",NA
NA,NA,NA,NA,"Hotairm1",NA
NA,NA,NA,NA,"Pakap",NA
NA,NA,NA,NA,"Gm17110",NA
NA,NA,NA,NA,"Gcnt4",NA
NA,NA,NA,NA,"D030025P21Rik",NA
NA,NA,NA,NA,"Gm20544",NA
NA,NA,NA,NA,"Gm17501",NA
NA,NA,NA,NA,"Gm26532",NA
NA,NA,NA,NA,"Gm29374",NA
NA,NA,NA,NA,"Gm37352",NA
NA,NA,NA,NA,"Gm9484",NA
NA,NA,NA,NA,"9130604C24Rik",NA
NA,NA,NA,NA,"Gm44126",NA
NA,NA,NA,NA,"Gm5886",NA
NA,NA,NA,NA,"AV356131",NA
NA,NA,NA,NA,"Gm44837",NA
NA,NA,NA,NA,"2310043P16Rik",NA
NA,NA,NA,NA,"Gm45221",NA
NA,NA,NA,NA,"Gm45338",NA
NA,NA,NA,NA,"Gm45714",NA
NA,NA,NA,NA,"K230015D01Rik",NA
NA,NA,NA,NA,"Gm19385",NA
NA,NA,NA,NA,"Gm17746",NA
NA,NA,NA,NA,"Gm47826",NA
NA,NA,NA,NA,"Gm18787",NA
NA,NA,NA,NA,"Gm49891",NA
